Emp ID,First Name,Last Name,Gender,E Mail,Date of Birth,Age in Yrs.,Date of Joining,Salary,City
677509,Srikar,Vangala,M,srikar.vangala@gmail.com,11/20/2020,30.0,11/04/2014,168251,Auckland
940761,Brenda,Robinson,F,brenda.robinson@gmail.com,7/31/1970,47.02,7/27/2008,51063,Stonewall
428945,Joe,Robinson,M,joe.robinson@gmail.com,6/16/1963,54.15,8/3/2016,50155,Michigantown
408351,Diane,Evans,F,diane.evans@yahoo.com,12/4/1977,39.67,4/16/1999,180294,Hydetown
539712,Nancy,Baker,F,nancy.baker@bp.com,6/13/1995,22.14,9/14/2016,98189,Atlanta
380086,Carol,Murphy,F,carol.murphy@gmail.com,6/30/1958,59.12,1/28/1983,60918,Blanchester
477616,Frances,Young,F,frances.young@gmail.com,6/9/1959,58.18,4/27/1994,121587,Delmita
162402,Diana,Peterson,F,diana.peterson@hotmail.co.uk,11/13/1987,29.73,2/17/2014,43010,Eureka Springs
231469,Ralph,Flores,M,ralph.flores@yahoo.com,2/5/1975,42.5,4/14/2009,118457,Sabetha
153989,Jack,Alexander,M,jack.alexander@gmail.com,5/19/1995,22.21,1/5/2017,82965,Las Vegas
386158,Melissa,King,F,melissa.king@comcast.net,2/24/1972,45.45,11/24/2015,166892,New Matamoras
301576,Wayne,Watson,M,wayne.watson@gmail.com,6/26/1996,21.1,7/19/2017,92758,Maida
441771,Cheryl,Scott,F,cheryl.scott@gmail.com,2/23/1958,59.47,11/26/1990,92220,Quecreek
528509,Paula,Diaz,F,paula.diaz@gmail.com,8/22/1966,50.97,8/22/1994,152654,Beulaville
912990,Joshua,Stewart,M,joshua.stewart@yahoo.ca,5/18/1970,47.23,9/2/2002,184896,New Douglas
214352,Theresa,Lee,F,theresa.lee@gmail.com,12/5/1992,24.66,1/19/2015,197537,Toeterville
890290,Julia,Scott,F,julia.scott@apple.com,7/15/1959,58.08,2/23/2005,141518,Primm Springs
622406,Thomas,Lewis,M,thomas.lewis@gmail.com,10/4/1967,49.85,6/7/1998,73862,Dutchtown
979607,Carol,Edwards,F,carol.edwards@msn.com,12/14/1994,22.64,4/25/2016,93967,Shreveport
969580,Matthew,Turner,M,matthew.turner@gmail.com,10/26/1993,23.77,2/7/2016,52237,Heathsville
426038,Joan,Stewart,F,joan.stewart@yahoo.com,11/20/1972,44.72,12/30/2009,111673,Middleport
388642,Ruby,Rogers,F,ruby.rogers@gmail.com,5/1/1980,37.27,8/30/2013,160623,Woodbury
560455,Carolyn,Hayes,F,carolyn.hayes@hotmail.co.uk,3/10/1958,59.42,7/3/2001,42005,Saint Cloud
477253,Anne,Russell,F,anne.russell@ibm.com,7/29/1989,28.02,11/24/2013,103160,Stockholm
263480,Daniel,Cooper,M,daniel.cooper@yahoo.com,1/1/1990,27.59,3/6/2014,153790,Manning
683826,Roger,Roberts,M,roger.roberts@gmail.com,7/7/1969,48.09,1/29/2009,129625,Mount Vernon
474599,Maria,Walker,F,maria.walker@microsoft.com,3/19/1975,42.39,10/1/1998,48944,Lawrenceburg
335732,Brenda,Butler,F,brenda.butler@gmail.com,12/6/1963,53.68,8/20/1987,60508,Mesa
329752,Lillian,Brown,F,lillian.brown@aol.com,5/12/1981,36.24,4/13/2015,67251,Panacea
893212,Amy,Howard,F,amy.howard@aol.com,6/16/1981,36.14,6/1/2003,112715,Kline
621833,Gregory,Edwards,M,gregory.edwards@outlook.com,8/31/1993,23.92,9/30/2015,169245,Bonanza
456747,Roy,Griffin,M,roy.griffin@yahoo.com,5/8/1991,26.24,8/23/2012,170895,Liberty
278556,Richard,Mitchell,M,richard.mitchell@verizon.net,7/28/1993,24.02,8/18/2016,122226,Ohatchee
333476,Mary,Wilson,F,mary.wilson@sbcglobal.net,12/1/1967,49.69,12/22/1991,109394,Nashville
218791,Aaron,Price,M,aaron.price@bp.com,2/10/1969,48.49,7/3/1997,54402,Eckerty
134841,Donna,Brown,F,donna.brown@aol.com,9/14/1983,33.89,7/17/2013,129836,Lima
726264,Carl,Collins,M,carl.collins@yahoo.com,12/22/1973,43.63,6/9/2007,162159,Wright
766610,Joyce,Jenkins,F,joyce.jenkins@aol.com,8/22/1961,55.97,5/14/2010,119321,Ellsworth
923947,Mary,Bryant,F,mary.bryant@verizon.net,6/21/1962,55.14,5/20/2004,155442,Conroy
227922,Amanda,Hughes,F,amanda.hughes@rediffmail.com,7/29/1982,35.02,4/19/2007,114257,Lake Charles
265813,Jack,Campbell,M,jack.campbell@gmail.com,1/4/1985,32.58,7/29/2007,186280,Kalvesta
247137,Alan,Rivera,M,alan.rivera@apple.com,12/11/1978,38.65,6/7/2006,154810,Knoxville
407061,Elizabeth,Jackson,F,elizabeth.jackson@aol.com,8/15/1964,52.99,1/19/2005,85420,Rochester
226714,Nancy,Davis,F,nancy.davis@ibm.com,11/14/1983,33.73,8/25/2012,94986,Bowling Green
702813,Ernest,Martinez,M,ernest.martinez@gmail.com,11/9/1989,27.73,1/24/2016,172098,Uniontown
524896,Judy,Hernandez,F,judy.hernandez@gmail.com,3/25/1961,56.38,12/27/2011,133332,Topeka
363065,Nancy,Jones,F,nancy.jones@gmail.com,11/10/1993,23.73,10/16/2015,61924,New York City
879753,Pamela,Wright,F,pamela.wright@aol.com,4/14/1996,21.3,6/9/2017,149262,Banner
958326,Larry,Miller,M,larry.miller@shell.com,10/31/1988,28.76,2/22/2017,97904,East Saint Louis
447813,Ann,Coleman,F,ann.coleman@ibm.com,5/11/1989,28.23,11/19/2013,130014,Hancock
525955,Judy,Gonzales,F,judy.gonzales@gmail.com,6/17/1959,58.15,1/3/1992,149575,Eatontown
818384,Peter,Washington,M,peter.washington@bp.com,11/6/1982,34.75,11/29/2009,173226,Portage
971640,Clarence,Ross,M,clarence.ross@apple.com,12/13/1960,56.66,12/31/2008,165272,Oneida
253573,Sharon,Lopez,F,sharon.lopez@gmail.com,5/4/1991,26.25,3/7/2014,190139,Bartley
904898,Ann,Cooper,F,ann.cooper@exxonmobil.com,12/25/1992,24.61,2/15/2017,182521,Arlee
515103,Anne,Perez,F,anne.perez@sbcglobal.net,5/5/1958,59.27,7/28/2003,114426,Cookeville
491943,Nancy,Howard,F,nancy.howard@gmail.com,5/5/1961,56.27,2/6/1999,101553,Saxe
750173,Antonio,Roberts,M,antonio.roberts@hotmail.com,8/27/1995,21.93,5/1/2017,181646,Mc Calla
687017,Frances,Watson,F,frances.watson@outlook.com,1/30/1961,56.53,8/20/2010,46945,Trego
241882,Debra,Wood,F,debra.wood@hotmail.com,10/30/1969,47.78,1/10/1991,84318,Blair
758872,Henry,Jenkins,M,henry.jenkins@hotmail.com,11/6/1984,32.75,6/21/2017,102384,Riverside
940922,Melissa,Butler,F,melissa.butler@hotmail.com,11/14/1994,22.72,2/5/2017,167631,Maxwell
917937,Todd,Hall,M,todd.hall@yahoo.com,8/31/1991,25.93,5/8/2016,163560,Randallstown
917395,Christopher,Nelson,M,christopher.nelson@aol.com,3/29/1960,57.37,11/8/1997,190765,Willow Beach
183071,Andrea,Garcia,F,andrea.garcia@aol.com,7/6/1985,32.08,4/18/2010,54179,Granger
316110,Jeremy,Sanchez,M,jeremy.sanchez@hotmail.com,2/5/1965,52.51,4/2/2006,178847,Alcoa
293459,Steven,Phillips,M,steven.phillips@hotmail.com,9/12/1986,30.9,3/27/2015,90108,Baton Rouge
732017,Cynthia,Ramirez,F,cynthia.ramirez@btinternet.com,9/22/1982,34.87,2/18/2009,90531,Browning
915638,Jason,Anderson,M,jason.anderson@gmail.com,1/3/1974,43.59,9/21/1999,76636,Hudson
478003,Cynthia,White,F,cynthia.white@gmail.com,6/15/1963,54.16,3/4/2004,186200,Kansas City
951225,Margaret,Brooks,F,margaret.brooks@gmail.com,6/27/1992,25.1,8/26/2016,43867,Haswell
883936,Douglas,Flores,M,douglas.flores@gmail.com,4/21/1986,31.29,9/10/2009,181793,Eckert
528673,Paul,Watson,M,paul.watson@hotmail.com,3/9/1959,58.43,6/26/1995,145235,Blue River
765850,Linda,Moore,F,linda.moore@gmail.com,8/18/1991,25.96,5/15/2017,113256,Albion
262382,Cheryl,Miller,F,cheryl.miller@ntlworld.com,4/20/1985,32.29,7/30/2007,64143,Bays
870820,Martha,Washington,F,martha.washington@aol.com,3/28/1991,26.35,3/3/2017,116629,Nardin
806955,William,Hernandez,M,william.hernandez@rediffmail.com,7/22/1967,50.05,3/21/2000,73734,Mary Esther
325319,Carolyn,Price,F,carolyn.price@yahoo.com,5/30/1976,41.19,11/5/2014,48736,Wheaton
623253,Ruby,Stewart,F,ruby.stewart@gmail.com,10/23/1968,48.79,7/2/2017,174774,Margie
225925,Paul,Cooper,M,paul.cooper@gmail.com,8/12/1991,25.98,9/8/2014,73526,Glidden
761821,Ernest,Washington,M,ernest.washington@msn.com,10/28/1984,32.77,1/31/2015,176675,Saranac Lake
400173,Dorothy,Edwards,F,dorothy.edwards@hotmail.co.uk,1/19/1984,33.55,12/31/2013,179017,Philadelphia
802554,Ryan,Alexander,M,ryan.alexander@shell.com,8/1/1993,24.01,8/31/2014,106628,Jarreau
476433,Lillian,Mitchell,F,lillian.mitchell@shaw.ca,10/23/1974,42.79,12/7/1999,149878,Wichita
533952,Kelly,Adams,F,kelly.adams@bp.com,5/23/1975,42.21,7/4/2013,51878,Meno
623929,Jimmy,Howard,M,jimmy.howard@yahoo.com,11/27/1966,50.7,12/12/2007,120631,Oriskany
844177,Margaret,Allen,F,margaret.allen@gmail.com,9/8/1981,35.91,5/17/2013,180107,Richmond Dale
212893,Janet,Henderson,F,janet.henderson@ntlworld.com,12/24/1979,37.62,12/18/2012,114481,Miami
185032,Eugene,Perez,M,eugene.perez@exxonmobil.com,10/6/1979,37.84,12/8/2014,122950,Racine
867084,Deborah,Smith,F,deborah.smith@yahoo.com,10/31/1977,39.77,3/4/2002,52767,Atqasuk
969964,Janice,Parker,F,janice.parker@yahoo.com,1/12/1980,37.57,8/23/2016,147641,Whiteman Air Force Base
158666,Rebecca,Stewart,F,rebecca.stewart@gmail.com,8/11/1961,56.0,4/10/1983,160043,Independence
489424,Phillip,White,M,phillip.white@gmail.com,3/4/1978,39.43,1/5/2016,181774,Mapleton
639892,Jose,Hill,M,jose.hill@hotmail.com,10/8/1994,22.82,7/9/2016,129774,Biloxi
704709,Harold,Nelson,M,harold.nelson@gmail.com,12/24/1984,32.61,8/23/2011,156194,Carol Stream
461593,Nicole,Ward,F,nicole.ward@yahoo.com,12/12/1964,52.66,1/23/1989,95673,Detroit
392491,Theresa,Murphy,F,theresa.murphy@gmail.com,12/30/1987,29.6,8/3/2010,51015,Mc Grath
495141,Tammy,Young,F,tammy.young@comcast.net,3/22/1979,38.38,4/25/2015,93650,Alma
